{
  "dataset_info": {
    "shape": [
      319795,
      18
    ],
    "target_distribution": {
      "No": 292422,
      "Yes": 27373
    }
  },
  "best_model": "Random Forest",
  "model_path": "/app/models\\heart_disease_model_random forest_20251109_114010.pkl",
  "final_metrics": {
    "Balanced Test Set": {
      "accuracy": 0.9265018936641333,
      "precision": 0.9435898347886397,
      "recall": 0.9072395868955612,
      "f1": 0.9250577518197272,
      "auc": 0.9716418751834597
    },
    "Original Test Set": {
      "accuracy": 0.9355680983129817,
      "precision": 0.593819290465632,
      "recall": 0.782648401826484,
      "f1": 0.675281695689859,
      "auc": 0.9412594491753431
    }
  },
  "cv_results": {
    "Random Forest": {
      "accuracy": {
        "mean": 0.9207843962485712,
        "std": 0.0005685552707699936
      },
      "precision": {
        "mean": 0.9359576370351504,
        "std": 0.0010842083688091756
      },
      "recall": {
        "mean": 0.9033846588950674,
        "std": 0.0011550344020985182
      },
      "f1": {
        "mean": 0.919381732122725,
        "std": 0.0005848142704549431
      },
      "roc_auc": {
        "mean": 0.9694724082577323,
        "std": 0.0002732593689596629
      }
    },
    "XGBoost": {
      "accuracy": {
        "mean": 0.9196794002240648,
        "std": 0.0004732732415499121
      },
      "precision": {
        "mean": 0.9520065215042509,
        "std": 0.0010831581320385113
      },
      "recall": {
        "mean": 0.8839222311058085,
        "std": 0.0010649394163988618
      },
      "f1": {
        "mean": 0.9167009502425497,
        "std": 0.0004955911065436282
      },
      "roc_auc": {
        "mean": 0.9750444034496168,
        "std": 0.00014018901059891444
      }
    },
    "Logistic Regression": {
      "accuracy": {
        "mean": 0.7509527119181465,
        "std": 0.0005636842232901935
      },
      "precision": {
        "mean": 0.7383394192128397,
        "std": 0.0010136153472643937
      },
      "recall": {
        "mean": 0.777419656346385,
        "std": 0.0005404180643682566
      },
      "f1": {
        "mean": 0.7573749587117549,
        "std": 0.00030934405766862104
      },
      "roc_auc": {
        "mean": 0.8256311122449973,
        "std": 0.0007076564643474826
      }
    }
  },
  "performance_valid": true,
  "selected_features": [
    "BMI",
    "Smoking",
    "PhysicalHealth",
    "MentalHealth",
    "DiffWalking",
    "Sex",
    "AgeCategory",
    "Race",
    "Diabetic",
    "GenHealth",
    "SleepTime",
    "BMI_Category",
    "Age_Numeric",
    "Health_Score",
    "Risk_Score"
  ],
  "pipeline_status": "SUCCESS",
  "timestamp": "2025-11-09T11:40:15.757184"
}